Feature,Exemples d'équivalents français,Equivalent,Faisabilité,Note,pseudobibeR (parsing or dict),Sharoff's biberpy translations
A. Tense and aspect markers,,,,,,
f_01_past_tense,Passé simple / imparfait / composé / plus-que-parfait,yes,OK,Détectables avec : lemmes + morpho (VERB + tense=past),*_vbd,
f_02_perfect_aspect,Action achevée,yes,Bof,Pas d’aspect grammatical marqué ; détectable via auxiliaire avoir/être + participe ?,parsing,
f_03_present_tense,Présent de l’indicatif,yes,OK,Détectables (tense=pres par ex).,"""*_vbz"" ""*_vbp""",
B. Place and time adverbials,,,,,,
f_04_place_adverbials,"ici, là, dehors, dedans, au-dessus…",yes,OK,Liste fermée.,aboard_r* above_r* abroad_r* across_r* ahead_r* alongside_r* around_r* ashore_r* astern_r* away_r* behind_r* below_r* beneath_r* beside_r* downhill_r* downstairs_r* downstream_r* east_r* far_r* hereabouts_r* indoors_r* inland_r* inshore_r* inside_r* locally_r* near_r* nearby_r* north_r* nowhere_r* outdoors_r* outside_r* overboard_r* overland_r* overseas_r* south_r* underfoot_r* underground_r* underneath_r* uphill_r* upstairs_r* upstream_r* west_r* aboard_i* above_i* abroad_i* across_i* alongside_i* around_i* behind_i* below_i* beneath_i* beside_i* inside_i* near_i* nearby_i* outside_i* underneath_i*,"placeAdverbials = à bord, au-dessus, à l'étranger, à travers, devant, à côté, autour, à terre, derrière, au loin, derrière, au-dessous, au-dessous, à côté, descendant, en bas, en aval, à l'est, loin, dans les environs, à l'intérieur, dans les terres, à l'intérieur, à l'intérieur, localement, à proximité, à proximité, au nord, nulle part, à l'extérieur, à l'extérieur, à la mer, par voie de terre, à l'étranger, au sud, sous le pied, sous terre, en dessous, en montée, à l'étage, en amont, à l'ouest"
f_05_time_adverbials,"hier, bientôt, soudain, ensuite…",yes,OK,Liste fermée.,again_r* earlier_r* early_r* eventually_r* formerly_r* immediately_r* initially_r* instantly_r* late_r* lately_r* later_r* momentarily_r* now_r* nowadays_r* once_r* originally_r* presently_r* previously_r* recently_r* shortly_r* simultaneously_r* subsequently_r* today_r* to-day_r* tomorrow_r* to-morrow_r* tonight_r* to-night_r* yesterday_r*,"timeAdverbials = ensuite, encore une fois, plus tôt, tôt, éventuellement, autrefois, immédiatement, initialement, instantanément, tardivement, plus tard, plus tard, momentanément, maintenant, de nos jours, une fois, à l'origine, actuellement, précédemment, récemment, peu de temps après, simultanément, ultérieurement, aujourd'hui, demain, ce soir, hier"
C. Pronouns and pro-verbs,,,,,,
f_06_first_person_pronouns,"je, nous, me, moi…",yes,OK,Liste fermée.,i_prp* me_prp* us_prp* my_prp* we_prp* our_prp* myself_prp* ourselves_prp*,"firstPersonPronouns = je, nous, moi, nous, notre, notre, nous-mêmes, nous-mêmes"
f_07_second_person_pronouns,"tu, vous, te, toi…",yes,OK,Liste fermée.,you_prp* your_prp* yourself_prp* yourselves_prp* thy_prp* thee_prp* thyself_prp* thou_prp*,"secondPersonPronouns = vous, vous-même, vous-même"
f_08_third_person_pronouns,"il, elle, ils, elles, lui, leur…",yes,OK,Liste fermée.,she_prp* he_prp* they_prp* her_prp* him_prp* them_prp* his_prp* their_prp* himself_prp* herself_prp* themselves_prp*,"thirdPersonPronouns = elle, il, eux, elle, elle, lui, eux, les siens, eux-mêmes, eux-mêmes"
f_09_pronoun_it,"il (explétif / non référentiel) / le (ex : nous le sommes, il l'est...)",?,Bof,"dans des constructions impersonnelles, ex : il pleut, il y a 3 ans, il reste deux pommes...","""it_prp*""     ""its_prp*""    ""itself_prp*""","itWord = il, elle, elle-même"
f_10_demonstrative_pronoun,"celui, celle, ceux, celles",yes,OK,Liste fermée.,parsing,"demonstrativePronouns = cela, ceux-ci, ceux"
f_11_indefinite_pronoun,"quelqu’un, rien, tout, certains…",yes,OK,Liste fermée.,anybody_* anyone_* anything_* everybody_* everyone_* everything_* nobody_* none_* nothing_* nowhere_* somebody_* someone_* something_*,"indefinitePronouns = n ' importe qui, n ' importe quoi, tout le monde, tout le monde, tout, personne, rien, nulle part, quelqu'un, quelquechose, quelque, chose"
f_12_proverb_do,verbe “faire” employé pro-verbalement (ex : “Je le fais”),?,Bof,"Complexe : “faire” multi-fonction ; détection contextuelle, pattern ?",parsing,BE + (ADJ|DET|PRON|ADP)
D. Questions,,,,,,
f_13_wh_question,"qui, que, quoi, où, quand, comment, pourquoi",?,OK,"Question ouverte ou phrase interrogative commençant par wh-équivalent + ponctuation “?”. À vérifier pour les taggers du français    Annoté par SpaCy : PronType=Int (.morph, tous sauf ""Quand""), SCONJ (Quand) ou ADV (Où, Comment), PRON (Qui)",parsing ^W ,"whQuestions = qui, quoi, où, quand, comment, si, pourquoi, qui que ce soit, à qui que ce soit, à tout moment, où que ce soit, à tout moment"
E. Nominal forms,,,,,,
f_14_nominalization,liste de suffixe : https://facmed.univ-constantine3.dz/wp-content/uploads/2024/01/La-nominalisation-des-verbes-daction.pdf,yes,OK,pattern : POS=NOUN + lemme=verbe,parsing,"NOUN + ['ion', 'ent','ité', 'eté','nce', 'loi']"
f_15_gerunds,"en travaillant, en mangeant... EN + VBE-ant / verbe -> nom",,Bof,préposition en + le participe présent du verbe (terminaison en -ant),parsing,not implemented
f_16_other_nouns,autres noms,,OK,autres NOUN,parsing,NOUNS - nominalizations
F. Passives,,,,,,
f_17_agentless_passives,"“est mangé”, sans “par…”",yes,Bof,AUX être + participe passé + sans agent.,parsing,not implemented
f_18_by_passives,“est mangé par le chat”,yes,OK,AUX + par + nom.,parsing,"Tense=Past followed by ""par"" (incorrect eg. Il est passé par là"""
G. Stative forms,,,,,,
f_19_be_main_verb,“être” comme verbe principal,yes,OK,Lemme être + dépendance ROOT.,parsing,"""beVerb"" followed by DET or ADJ or PRON or ADP"
f_20_existential_there,“il y a”,yes,OK,Lexique fixe (il y a / y avait / y aura).,"""there_ex""",not implemented
H. Subordination features,,,,,,
f_21_that_verb_comp,“que” après verbe (“Je crois que…”),,OK,VERB + que ; marque de dépendance ?,parsing,not implemented
f_22_that_adj_comp,"“content que”, “heureux que…”",,OK,ADJ + “que” ; liste d'adjectifs,parsing,not implemented
f_23_wh_clause,"“ce que”, “ce qui”, “ce dont…”",,OK,Patterns de lemmes combinés.,parsing,"counts WhMarkers quoi, où, quand, qui, qui, dont"
f_24_infinitives,"""VERB[Inf]”",,OK,Verbes à l'infinitif,"""to_to"" ",not implemented
f_25_present_participle,"“En mangeant, il partit”",,OK,Détection de “en + participe présent”,parsing,"""VerbForm=Ger|Aspect=Prog"" # the first in udpipe, the last in spacy"
f_26_past_participle,“Construit en un jour…”,,Bof,"Détection de ""participe passé + en""",parsing,not implemented
f_27_past_participle_whiz,“la maison construite hier”,,Bof,participe passé post-nominal,parsing,not implemented
f_28_present_participle_whiz,“les enfants jouant dehors”,,Bof,participe passé post-nominal,parsing,not implemented
f_29_that_subj,“le chien qui m’a mordu”,,Bof,Relatif sujet avec “qui”.,parsing,not implemented
f_30_that_obj,“le chien que j’ai vu”,,Bof,Relatif objet avec “que”.,parsing,not implemented
f_31_wh_subj,“l’homme qui…”,,Bof,Relatif sujet avec “qui”.,parsing,not implemented
f_32_wh_obj,“la femme que…”,,Bof,Relatif objet avec “que”.,parsing,not implemented
f_33_pied_piping,"“la manière dont”, “le lieu dans lequel…”",,Bof,Préposition + pronom relatif composé.,*_in who_w* *_in whom_w* *_in whose_w* *_in which_w*,"piedPiping = qui, quel, quelle, quels, quelles not preceded by ADP"
f_34_sentence_relatives,"“..., ce qui est étrange.”",yes,OK,Phrase + “ce qui / ce que” subordonnée relative.,,sentenceRelatives = lequel
f_35_because,"“parce que, puisque, car”",yes,OK,Liste fermée.,,
f_36_though,"“bien que, quoique, même si”",yes,OK,Liste fermée.,"""though_in""   ""although_in"" ""tho_in""",
f_37_if,"“si, à moins que”",yes,OK,Liste fermée.,"""if_in""     ""unless_in""",
f_38_other_adv_sub,"“comme, tandis que, alors que, lorsque”",yes,OK,Liste fermée.,parsing with closed list,"osubordinators = depuis, tandis, alors, mesure, dans la"
"I. Prepositional phrases, adjectives and adverbs",,,,,,
f_39_prepositions,"à, de, en, sur, sous, pour, avec…",yes,OK,Liste fermée + POS=ADP ?,parsing,count PREP
f_40_adj_attr,ADJ avant ou après le nom,yes,OK,Patterns + dépendance amod ?,parsing,count ADJ
f_41_adj_pred,“Le chat est noir.”,yes,OK,copule être + ADJ.,parsing,beVerb + (ADJ|NOUN)
f_42_adverbs,"tout, très, rapidement…",yes,OK,Liste fermée + POS=ADV ?,"""*_rb*"" ""*_wrb""",count ADV
J. Lexical specificity,,,,,,
f_43_type_token,ratio types/tokens,yes,OK,Calcul direct.,,
f_44_mean_word_length,longueur moyenne de mots,yes,OK,Calcul direct.,,
K. Lexical classes,,,,,,
f_45_conjuncts,"cependant, en revanche, de plus",yes,OK,Liste fermée.,"""alternatively_*""           ""consequently_*""            ""conversely_*""              ""e.g._*""                    ""furthermore_*""             ""hence_*""                   ""however_*""                 ""i.e._*""                    ""instead_*""                 ""likewise_*""               ""moreover_*""                ""namely_*""                  ""nevertheless_*""            ""nonetheless_*""             ""notwithstanding_*""         ""otherwise_*""               ""similarly_*""               ""therefore_*""               ""thus_*""                    ""viz._*""                    ""in_* comparison_*""         ""in_* contrast_*""           ""in_* particular_*""         ""in_* addition_*""          ""in_* conclusion_*""         ""in_* consequence_*""       ""in_* sum_*""                ""in_* summary_*""            ""for_* example_*""           ""for_* instance_*""          ""instead_* of_*""            ""by_* contrast_*""           ""by_* comparison_*""         ""in_* any_* event_*""        ""in_* any_* case_*""         ""in_* other_* words_*""      ""as_* a_* result_*""         ""as_* a_* consequence_*""    ""on_* the_* contrary_*""     ""on_* the_* other_* hand_*""""_punct_ else_*""            ""_punct_ altogether_*""     ""_punct_ rather_*"" ","conjunctsSingle = alternativement, par conséquent, inversement, par exemple, par ailleurs, donc, par conséquent, de même, de même, de plus, néanmoins, néanmoins, néanmoins, nonobstant, de manière similaire, donc, ainsi, à savoir."
f_46_downtoners,"à peine, presque, légèrement",yes,OK,Liste fermée.,"""almost_*""      ""barely_*""      ""hardly_*""      ""merely_*""      ""mildly_*""      ""nearly_*""      ""only_*""        ""partially_*""  ""partly_*""      ""practically_*"" ""scarcely_*""    ""slightly_*""   ""somewhat_*"" ","downtopers = presque, à peine, à peine, simplement, modérément, presque, seulement, partiellement, partiellement, pratiquement, à peine, légèrement, un peu"
f_47_hedges,"environ, quelque peu, on dirait",yes,OK,Liste fermée,"""maybe_*""            ""at_* about_*""       ""something_* like_*"" ""more_* or_* less_*"" ""sort_* of_*""        ""kind_* of_*""  ","generalHedges =  peut-être, à peu près, à peu de choses près, plus ou moins, environ, quelque chose comme, en quelque sorte"
f_48_amplifiers,"très, vraiment, extrêmement",yes,OK,Liste fermée.,"""absolutely_*""  ""altogether_*""  ""completely_*""  ""definitely_*"" ""drastically_*"" ""enormously_*""  ""entirely_*""    ""extremely_*""  ""fully_*""       ""greatly_*""     ""highly_*""      ""intensely_*""   ""perfectly_*""   ""strongly_*""    ""thoroughly_*""  ""totally_*""    ""utterly_*""     ""very_*""    ","amplifiers = absolument, tout à fait, énormément, énormément, tout à fait, très, très, très, fort, intensément, parfaitement, parfaitement, fortement, complètement, totalement, tout à fait, très"
f_49_emphatics,"beaucoup, bien sûr, absolument",yes,OK,Liste fermée.,"""just_*""         ""really_*""       ""most_*""         ""more_*""         ""a_* lot_*""      ""for_* sure_*""   ""such_* a_*""     ""real_ *_*jj""    ""so_* *_jj""      ""do_vb* *_v*""    ""does_vb* *_v*""  ""doing_vb* *_v*"" ""did_vb* *_v*""  ","generalEmphatics = sûr, beaucoup, vraiment"
f_50_discourse_particles,"eh bien, enfin, bref",yes,OK,Liste fermée ,"""_punct_ well_*""    ""_punct_ now_*""     ""_punct_ anyhow_*""  ""_punct_ anyways_*""","discourseParticles = bien, maintenant, de toute façon, de toute façon, encore"
f_51_demonstratives,"ce, cette, ces, cet",yes,OK,Liste fermée.,parsing,"demonstrativePronouns = cela, ceux-ci, ceux"
L. Modals,,,,,,
f_52_modal_possibility,pouvoir,yes,OK,Lemme pouvoir.,"""can_md""   ""ca_md""    ""may_md""   ""might_md"" ""could_md""","possibilityModals = pouvoir, peut, pourrait"
f_53_modal_necessity,"devoir, falloir",yes,OK,"Lemmes devoir, falloir.","""ought_md""  ""should_md"" ""must_md""  ","necessityModals = devoir, peut-être, devrait, devrait, doit"
f_54_modal_predictive,"aller + infinitif, futur simple",yes,Bof,Patterns ? Morpho ?,"""will_md""  ""would_md"" ""shall_md"" ""'d_md""    ""'ll_md""   ""wo_md""    ""sha_md""  ","predictionModals = sera, sera, serait, devoir"
M. Specialized verb classes,,,,,,
f_55_verb_public,"affirmer, déclarer, annoncer",yes,OK,Liste fermée.,"""acknowledge_v*""   ""acknowledged_v*""  ""acknowledges_v*""  ""acknowledging_v*"" ""add_v*""           ""adds_v*""          ""adding_v*""        ""added_v*""         ""admit_v*""         ""admits_v*""        ""admitting_v*""     ""admitted_v*""      ""affirm_v*""        ""affirms_v*""       ""affirming_v*""     ""affirmed_v*""      ""agree_v*""         ""agrees_v*""        ""agreeing_v*""      ""agreed_v*""       ""allege_v*""        ""alleges_v*""       ""alleging_v*""      ""alleged_v*""       ""announce_v*""      ""announces_v*""     ""announcing_v*""    ""announced_v*""     ""argue_v*""         ""argues_v*""        ""arguing_v*""       ""argued_v*""       ""assert_v*""        ""asserts_v*""       ""asserting_v*""     ""asserted_v*""      ""bet_v*""           ""bets_v*""          ""betting_v*""       ""boast_v*""         ""boasts_v*""        ""boasting_v*""      ""boasted_v*""       ""certify_v*""       ""certifies_v*""     ""certifying_v*""    ""certified_v*""     ""claim_v*""         ""claims_v*""        ""claiming_v*""      ""claimed_v*""       ""comment_v*""       ""comments_v*""      ""commenting_v*""    ""commented_v*""     ""complain_v*""     ""complains_v*""     ""complaining_v*""   ""complained_v*""    ""concede_v*""       ""concedes_v*""      ""conceding_v*""     ""conceded_v*""      ""confess_v*""      ""confesses_v*""     ""confessing_v*""    ""confessed_v*""     ""confide_v*""       ""confides_v*""      ""confiding_v*""     ""confided_v*""      ""confirm_v*""      ""confirms_v*""      ""confirming_v*""    ""confirmed_v*""     ""contend_v*""       ""contends_v*""      ""contending_v*""    ""contended_v*""     ""convey_v*""        ""conveys_v*""       ""conveying_v*""     ""conveyed_v*""      ""declare_v*""       ""declares_v*""      ""declaring_v*""     ""declared_v*""      ""deny_v*""          ""denies_v*""        ""denying_v*""       ""denied_v*""        ""disclose_v*""      ""discloses_v*""     ""disclosing_v*""    ""disclosed_v*""     ""exclaim_v*""       ""exclaims_v*""      ""exclaiming_v*""    ""exclaimed_v*""     ""explain_v*""      ""explains_v*""      ""explaining_v*""    ""explained_v*""     ""forecast_v*""      ""forecasts_v*""     ""forecasting_v*""   ""forecasted_v*""    ""foretell_v*""     ""foretells_v*""     ""foretelling_v*""   ""foretold_v*""      ""guarantee_v*""    ""guarantees_v*""    ""guaranteeing_v*""  ""guaranteed_v*""    ""hint_v*""          ""hints_v*""         ""hinting_v*""       ""hinted_v*""        ""insist_v*""       ""insists_v*""       ""insisting_v*""     ""insisted_v*""      ""maintain_v*""      ""maintains_v*""     ""maintaining_v*""   ""maintained_v*""    ""mention_v*""      ""mentions_v*""      ""mentioning_v*""    ""mentioned_v*""     ""object_v*""       ""objects_v*""       ""objecting_v*""     ""objected_v*""      ""predict_v*""      ""predicts_v*""      ""predicting_v*""    ""predicted_v*""     ""proclaim_v*""      ""proclaims_v*""     ""proclaiming_v*""   ""proclaimed_v*""    ""promise_v*""       ""promises_v*""      ""promising_v*""     ""promised_v*""      ""pronounce_v*""    ""pronounces_v*""    ""pronouncing_v*""   ""pronounced_v*""    ""prophesy_v*""      ""prophesies_v*""    ""prophesying_v*""   ""prophesied_v*""    ""protest_v*""       ""protests_v*""      ""protesting_v*""    ""protested_v*""     ""remark_v*""        ""remarks_v*""       ""remarking_v*""     ""remarked_v*""      ""repeat_v*""        ""repeats_v*""       ""repeating_v*""     ""repeated_v*""      ""reply_v*""         ""replies_v*""       ""replying_v*""      ""replied_v*""       ""report_v*""        ""reports_v*""       ""reporting_v*""     ""reported_v*""      ""say_v*""           ""says_v*""          ""saying_v*""        ""said_v*""          ""state_v*""         ""states_v*""        ""stating_v*""       ""stated_v*""        ""submit_v*""        ""submits_v*""       ""submitting_v*""    ""submitted_v*""     ""suggest_v*""       ""suggests_v*""      ""suggesting_v*""    ""suggested_v*""     ""swear_v*""        ""swears_v*""        ""swearing_v*""      ""swore_v*""         ""sworn_v*""         ""testify_v*""       ""testifies_v*""     ""testifying_v*""    ""testified_v*""    ""vow_v*""           ""vows_v*""          ""vowing_v*""        ""vowed_v*""         ""warn_v*""          ""warns_v*""         ""warning_v*""       ""warned_v*""       ""write_v*""         ""writes_v*""        ""writing_v*""       ""wrote_v*""        ""written_v*""","publicVerbs = reconnaître, accepter, accepter, affirmer, réclamer, se plaindre, déclarer, nier, expliquer, suggérer, insister, insister, mentionner, proclamer, promettre, protester, remarquer, répondre, signaler, suggérer, suggérer, jurer, écrire, annoncer, parler, informer, répondre"
f_56_verb_private,"penser, croire, savoir, douter",yes,OK,Liste fermée.,"""accept_v*""        ""accepts_v*""       ""accepting_v*""     ""accepted_v*""     ""anticipate_v*""    ""anticipates_v*""   ""anticipating_v*""  ""anticipated_v*""  ""ascertain_v*""     ""ascertains_v*""    ""ascertaining_v*""  ""ascertained_v*""  ""assume_v*""        ""assumes_v*""       ""assuming_v*""      ""assumed_v*""       ""believe_v*""       ""believes_v*""      ""believing_v*""     ""believed_v*""      ""calculate_v*""     ""calculates_v*""    ""calculating_v*""   ""calculated_v*""   ""check_v*""         ""checks_v*""        ""checking_v*""      ""checked_v*""      ""conclude_v*""      ""concludes_v*""     ""concluding_v*""    ""concluded_v*""    ""conjecture_v*""    ""conjectures_v*""   ""conjecturing_v*""  ""conjectured_v*""  ""consider_v*""      ""considers_v*""     ""considering_v*""   ""considered_v*""   ""decide_v*""        ""decides_v*""       ""deciding_v*""      ""decided_v*""      ""deduce_v*""        ""deduces_v*""       ""deducing_v*""      ""deduced_v*""       ""deem_v*""          ""deems_v*""         ""deeming_v*""       ""deemed_v*""       ""demonstrate_v*""   ""demonstrates_v*""  ""demonstrating_v*"" ""demonstrated_v*""  ""determine_v*""     ""determines_v*""    ""determining_v*""   ""determined_v*""    ""discern_v*""       ""discerns_v*""      ""discerning_v*""    ""discerned_v*""    ""discover_v*""      ""discovers_v*""     ""discovering_v*""   ""discovered_v*""   ""doubt_v*""         ""doubts_v*""        ""doubting_v*""      ""doubted_v*""      ""dream_v*""         ""dreams_v*""        ""dreaming_v*""      ""dreamt_v*""       ""dreamed_v*""       ""ensure_v*""        ""ensures_v*""       ""ensuring_v*""     ""ensured_v*""       ""establish_v*""     ""establishes_v*""   ""establishing_v*""  ""established_v*""   ""estimate_v*""      ""estimates_v*""     ""estimating_v*""   ""estimated_v*""     ""expect_v*""        ""expects_v*""       ""expecting_v*""    ""expected_v*""      ""fancy_v*""         ""fancies_v*""       ""fancying_v*""     ""fancied_v*""       ""fear_v*""          ""fears_v*""         ""fearing_v*""      ""feared_v*""        ""feel_v*""          ""feels_v*""         ""feeling_v*""       ""felt_v*""          ""find_v*""          ""finds_v*""         ""finding_v*""      ""found_v*""         ""foresee_v*""       ""foresees_v*""      ""foreseeing_v*""   ""foresaw_v*""       ""forget_v*""        ""forgets_v*""       ""forgetting_v*""    ""forgot_v*""        ""forgotten_v*""     ""gather_v*""        ""gathers_v*""      ""gathering_v*""     ""gathered_v*""      ""guess_v*""         ""guesses_v*""      ""guessing_v*""      ""guessed_v*""       ""hear_v*""          ""hears_v*""        ""hearing_v*""       ""heard_v*""         ""hold_v*""          ""holds_v*""        ""holding_v*""       ""held_v*""          ""hope_v*""          ""hopes_v*""         ""hoping_v*""        ""hoped_v*""         ""imagine_v*""       ""imagines_v*""      ""imagining_v*""     ""imagined_v*""      ""imply_v*""         ""implies_v*""      ""implying_v*""      ""implied_v*""       ""indicate_v*""      ""indicates_v*""    ""indicating_v*""    ""indicated_v*""     ""infer_v*""         ""infers_v*""       ""inferring_v*""     ""inferred_v*""      ""insure_v*""        ""insures_v*""      ""insuring_v*""      ""insured_v*""       ""judge_v*""         ""judges_v*""        ""judging_v*""       ""judged_v*""        ""know_v*""          ""knows_v*""        ""knowing_v*""       ""knew_v*""          ""known_v*""         ""learn_v*""         ""learns_v*""        ""learning_v*""      ""learnt_v*""        ""learned_v*""      ""mean_v*""          ""means_v*""         ""meaning_v*""       ""meant_v*""       ""note_v*""          ""notes_v*""         ""noting_v*""        ""noted_v*""        ""notice_v*""        ""notices_v*""       ""noticing_v*""      ""noticed_v*""      ""observe_v*""       ""observes_v*""      ""observing_v*""     ""observed_v*""      ""perceive_v*""      ""perceives_v*""     ""perceiving_v*""    ""perceived_v*""    ""presume_v*""       ""presumes_v*""      ""presuming_v*""     ""presumed_v*""     ""presuppose_v*""    ""presupposes_v*""   ""presupposing_v*""  ""presupposed_v*""   ""pretend_v*""       ""pretend_v*""       ""pretending_v*""    ""pretended_v*""    ""prove_v*""         ""proves_v*""        ""proving_v*""       ""proved_v*""       ""realize_v*""       ""realise_v*""       ""realising_v*""     ""realizing_v*""     ""realises_v*""      ""realizes_v*""      ""realised_v*""      ""realized_v*""      ""reason_v*""        ""reasons_v*""       ""reasoning_v*""     ""reasoned_v*""     ""recall_v*""        ""recalls_v*""       ""recalling_v*""     ""recalled_v*""     ""reckon_v*""        ""reckons_v*""       ""reckoning_v*""     ""reckoned_v*""      ""recognize_v*""     ""recognise_v*""     ""recognizes_v*""    ""recognises_v*""   ""recognizing_v*""   ""recognising_v*""   ""recognized_v*""    ""recognised_v*""   ""reflect_v*""       ""reflects_v*""      ""reflecting_v*""    ""reflected_v*""    ""remember_v*""      ""remembers_v*""     ""remembering_v*""   ""remembered_v*""   ""reveal_v*""        ""reveals_v*""       ""revealing_v*""     ""revealed_v*""     ""see_v*""           ""sees_v*""          ""seeing_v*""        ""saw_v*""          ""seen_v*""          ""sense_v*""         ""senses_v*""        ""sensing_v*""      ""sensed_v*""        ""show_v*""          ""shows_v*""         ""showing_v*""      ""showed_v*""        ""shown_v*""         ""signify_v*""       ""signifies_v*""    ""signifying_v*""    ""signified_v*""     ""suppose_v*""       ""supposes_v*""     ""supposing_v*""     ""supposed_v*""      ""suspect_v*""       ""suspects_v*""     ""suspecting_v*""    ""suspected_v*""     ""think_v*""         ""thinks_v*""       ""thinking_v*""      ""thought_v*""       ""understand_v*""    ""understands_v*""  ""understanding_v*"" ""understood_v*""","privateVerbs = anticiper, assumer, croire, conclure, décider, démontrer, déterminer, découvrir, douter, estimer, craindre, sentir, trouver, oublier, deviner, entendre, espérer, imaginer, impliquer, indiquer, indiquer, connaître, apprendre, dire, signifier, prouver, réaliser, reconnaître, rappeler, révéler, voir, montrer, supposer, penser, comprendre"
f_57_verb_suasive,"ordonner, proposer, insister",yes,OK,Liste fermée.,"""agree_v*""        ""agrees_v*""       ""agreeing_v*""     ""agreed_v*""      ""allow_v*""        ""allows_v*""       ""allowing_v*""     ""allowed_v*""     ""arrange_v*""      ""arranges_v*""     ""arranging_v*""    ""arranged_v*""    ""ask_v*""          ""asks_v*""         ""asking_v*""       ""asked_v*""       ""beg_v*""          ""begs_v*""         ""begging_v*""      ""begged_v*""      ""command_v*""      ""commands_v*""     ""commanding_v*""   ""commanded_v*""   ""concede_v*""      ""concedes_v*""     ""conceding_v*""    ""conceded_v*""    ""decide_v*""       ""decides_v*""      ""deciding_v*""     ""decided_v*""     ""decree_v*""       ""decrees_v*""      ""decreeing_v*""    ""decreed_v*""     ""demand_v*""       ""demands_v*""      ""demanding_v*""    ""demanded_v*""    ""desire_v*""       ""desires_v*""      ""desiring_v*""     ""desired_v*""     ""determine_v*""    ""determines_v*""   ""determining_v*""  ""determined_v*""  ""enjoin_v*""       ""enjoins_v*""      ""enjoining_v*""    ""enjoined_v*""     ""ensure_v*""       ""ensures_v*""      ""ensuring_v*""     ""ensured_v*""      ""entreat_v*""      ""entreats_v*""     ""entreating_v*""   ""entreated_v*""   ""grant_v*""        ""grants_v*""       ""granting_v*""     ""granted_v*""     ""insist_v*""       ""insists_v*""      ""insisting_v*""    ""insisted_v*""    ""instruct_v*""     ""instructs_v*""    ""instructing_v*""  ""instructed_v*""  ""intend_v*""       ""intends_v*""      ""intending_v*""    ""intended_v*""     ""move_v*""         ""moves_v*""        ""moving_v*""       ""moved_v*""       ""ordain_v*""       ""ordains_v*""      ""ordaining_v*""    ""ordained_v*""    ""order_v*""        ""orders_v*""       ""ordering_v*""     ""ordered_v*""     ""pledge_v*""       ""pledges_v*""      ""pledging_v*""     ""pledged_v*""     ""pray_v*""         ""prays_v*""        ""praying_v*""      ""prayed_v*""       ""prefer_v*""       ""prefers_v*""      ""preferring_v*""   ""preferred_v*""   ""pronounce_v*""    ""pronounces_v*""   ""pronouncing_v*""  ""pronounced_v*""   ""propose_v*""      ""proposes_v*""     ""proposing_v*""    ""proposed_v*""     ""recommend_v*""    ""recommends_v*""   ""recommending_v*"" ""recommended_v*"" ""request_v*""      ""requests_v*""     ""requesting_v*""   ""requested_v*""    ""require_v*""      ""requires_v*""     ""requiring_v*""    ""required_v*""     ""resolve_v*""      ""resolves_v*""     ""resolving_v*""    ""resolved_v*""    ""rule_v*""         ""rules_v*""        ""ruling_v*""       ""ruled_v*""       ""stipulate_v*""    ""stipulates_v*""   ""stipulating_v*""  ""stipulated_v*""   ""suggest_v*""      ""suggests_v*""     ""suggesting_v*""   ""suggested_v*""    ""urge_v*""         ""urges_v*""        ""urging_v*""       ""urged_v*""       ""vote_v*""         ""votes_v*""        ""voting_v*""       ""voted_v*"" ","suasiveVerbs = accepter, organiser, demander, mendier, commander, décider, exiger, accorder, insister, donner des instructions, ordonner, ordonner, nantir, prononcer, proposer, recommander, demander, stipuler, suggérer, recommander"
f_58_verb_seem,"sembler, paraître",yes,OK,Liste fermée.,"seem_v*      ""seems_v*""     ""seeming_v*""   ""seemed_v*""    ""appear_v*"" ""appears_v*""   ""appearing_v*"" ""appeared_v*""","seemappear = sembler, paraître, apparaître"
N. Reduced forms and dispreferred structures,,,,,,
f_59_contractions,"(n’existe pas vraiment ; “p’tit”, “t’es” à l'oral ?)",no,X,Le français écrit ne contracte pas comme l'anglais (“don’t”),"""'*_v*"" ""'*_md"" ""n't_*""",
f_60_that_deletion,suppression de “que” (“je pense il vient”),yes,Bof,"Rare, mais observable à l'oral",parsing,"specialVerbs = publicVerbs, privateVerbs, suasiveVerbs 
specialVerbs + PRONOUN/DEM 
specialVerbs + (NOUN|PRON) + MODAL 
specialVerbs + (ADJ|ADV|DET|PRON) + (ADJ)? + NOUN + MODAL"
f_61_stranded_preposition,"Pour qui est-ce que tu as fait le gâteau? / L’homme que tu parles avec (*Qui as-tu fait ce gateau pour?, *C' est la personne que j' ai du trouble avec.)",yes,Bof,"préposition orpheline ou échouée (= en fin de phrase), rare mais observable PREP + pronom relatif (http://encyclogram.fr/notx/016/016_Notice.php, voir ""stranded"")",parsing,PREP + PONCT
f_62_split_infinitive,“de vraiment comprendre”,yes,Bof,Préposition + ADV (ou autre) + INF,parsing,not implemented
f_63_split_auxiliary,“a probablement été vu”,yes,OK,Auxiliaire + ADV (ou autre) + participe,parsing,not implemented
O. Coordination,,,,,,
f_64_phrasal_coordination,"“N et N”, “Adj et Adj” (ex : ""de tels... et de tels..."", ""par... et par...""",yes,Bof,patterns,parsing,not implemented
f_65_clausal_coordination,“et” entre propositions indépendantes,yes,Bof,patterns,parsing,not implemented
P. Negation,,,,,,
f_66_neg_synthetic,“Aucune réponse n’est bonne”,yes,OK,"détection de “aucun(e), nul, pas de...”","""no_* *_j""  ""no_* *_n*"" ""neither_*"" ""nor_*""  ","notWord = non, pas
neitherWord = ni 
notWord + VERB + ADV (élimine ADJECTIF or NOUN) + quantifiers + neitherWord"
f_67_neg_analytic,“ne … pas / plus / jamais”,yes,OK,Patterns “ne + ADV négatif”.,"""not_*"" ""n't_*""","notWord = non, pas
neitherWord = ni"